epoch,train_loss,time_stamp
1,1880.5164794921875,168.5249662399292
