epoch,train_loss,time_stamp,val_loss
1,5.323344839961862,166.56224417686462,6.126837148371431
2,5.201204553480442,157.85634183883667,6.252154823185243
3,5.246649181639375,153.78656816482544,6.0547814752637725
