epoch,train_loss,time_stamp,val_loss
1,4.860117879092897,164.46144723892212,5.765910461268474
2,4.640294846251556,411.37160325050354,5.863745842766516
3,4.606445567030142,656.4401886463165,5.904747659152316
